video_id,date,likes,comments,saves,caption,text_in_video,content_type,subtype,discussion_in_comments,notes
7346056999215369518,2024-03-14,15K,32.0,4497.0,"live, laugh, love dark romance
book: clubs by kyra irene
#BookTok
#fyp>
#bookrecommendations
#blowthisup
#viral
#bookish

#bookrecs
#fyp
#enemiestolovers
#booktok","when it's REALLY enemies to lovers >>> ""Am I though? If that was your notebook, you iti correlati wouldn't hun someone the same hurt."" someone the same way you were
Something inside him flips. A look crosses his face, and I can't tell what it is. Guilt? Anger? Dread?
""Stop while you're ahead. Watch your fucking mouth.""
""Or what? Hurt me. Do it!"" I scream at him.
His anger wears off on me. It's toxic. I want to challenge him. I want to see if he's capable of fol-lowing through on his word. I know if he were to hurt me, I'd never forgive him. It's hard enough to look at him now.
He brushes my hair out of my face with a calm look. ""Yell at me again. Sloane,"" he says with a calm voice. My eyes search His anger is gone. Does yelling at him make h off?
My face relaxes at. couch, and I fucking hate it. He's torturing me, and I'm welcoming it. What the fuck?
""You're sick,"" I tell him.
""What else am I?"" His fingers trail down my thigh as he tugs at the bottom of my shorts.
""You're a psychopath.""
""Hmm. That's quite the diagnosis, Sloane.""
The blade is only an inch away from my skin. I feel the pain before he inflicts it on me.
""Mikhail!"" A man's angry voice floods the room.
I take my eyes off him and look at the steps.
Max.",int,"text
normative eval",,
7478834919595085078,2025-03-06,122.7K,301.0,27.7K,"she looks his way & he can die happy || : PURE HATE by ineslepeuch, only on wattpad (link in my bio!!)
#booktok
#bookish
#bookishthoughts
#romancebooks
#romancebooktok
#enemiestolovers
#enemiestoloverstrope
#jealousytrope
#sportsromance
#footballromance
#foryoupage
#foryou
#fyp","when she's been hating her brother's best friend since they were children... HIS POV:
""i swear, she could stab me with a pencil, and i'd apologize for getting in the way.""",int,text,,
7577171946580823309,2025-11-26,12.2K,121.0,6367.0,"TRUE enemies to lovers romance book recommendations that will have you reading all night long!!
#bookrecs
#booktok
#fyp
#fantasyromance
#romancebooks","TRUE
enemies-to-lovers
book recommendations",rec,normative eval,yes,
7216006532176088362,2023-03-29,96K,190.0,28.2K,"O m g. The scream i scrumpt. #booktok #bookish
#romancebooks #ljshen #vicious #fyp #fypシ #fypage #bookrecs #enemiestolovers #enemiestoloverstrope #enemiestoloversrecs #romance #books #viral #smut #viralvideo #bookboyfriend #fictionalmen","When they're enemies but he gets jealous after seeing her with someone else at the party, so he goes to her room that night and says,
""Ask me what I want.""",int,text,,
7547466452995935502,2025-09-07,250.1K,1121.0,25.3K,"enemies to lovers book hit DIFFERENT...when they're actually enemies to lovers
#booktok #booktokfyp
#enemiestolovers
#enemiestoloversbooks
#slowburnbooks","what they like:
enemies
lovers
what I like:
enemies 
yearning for each other
lovers",int,"normative eval
structure",,
7401851876683107585,2024-08-11,11.1K,46.0,4857.0,#books #booktok #bookworm #bookrecs #enemiestolovers #enemiestoloverstrope #fypシ,enemies to lovers books that will have you OBSESSED,rec,,,
7411227416741367082,2024-09-05,494.5K,1532.0,142.9K,MY FAV ENEMIES TO LOVERS BOOKS 🙆🏼‍♀️🫶🏻 #books #tbr #booktok #ememiestolovers,Enemies to lovers >>,rec,,yes,
7403417739672489259,2024-08-15,77.4K,665.0,43.7K,TRUE enemies to lovers book recs! Like I need to feel their hatred!! #enemiestolovers #enemiestoloversrecs #fantasyromancebooks #booktok #enemiestoloversbooks,TRUE ENEMIES TO LOVERS BOOKS pt.2,rec,normative eval,yes,
7365950168107191594,2024-05-06,284.6K,1835.0,148K,"Enemies to lovers fantasy romance books are like my all time favorite but i need them to be TRUE enemies, i need to feel the hatred. #bookrecs #enemiestoloverstrope #booktok #enemiestoloversrecs",TRUE ENEMIES TO LOVERS FANTASY ROMANCE BOOKS,rec,normative eval,,
7426863466381643026,2024-10-17,185.4K,1328.0,112.3K,#book #booktok #books #booktokfyp #bookworm #bookish #booktoker #bookclub #bookrecommendations #bookrecs #romance #romancebooks #fyp #foryou #fypシ #foryoupage #kindleunlimited #reading #viral,Enemies to Lovers Book Recs,rec,,,
7596802596438953223,1-18,9790.0,114.0,6244.0,#booktok #enemiestolovers #bookrecommendations #bookrecs #enemiestoloverstrope,Enemies to lovers book recs,rec,normative eval,,
7595763439478312223,1-16,274.0,102.0,87.0,"And I mean ENEMIES to LOVERS my friends 😉
#enemiestolovers #tbrlist #bookrecs #romantasybooks #booktokfyp",Enemies to lovers book recs,rec,,,
7559931414070758676,2025-10-11,25K,197.0,11.8K,"I need PURE HATRED to Love 🤭 #bookrecs #enemiestolovers #zodiacacademy #romantasy #darkromance 
📖Heavenly Bodies
📖Insatiable 
📖Zodiac Academy
📖Twisted Hate
📖Empire of Flames & Thorns
📖Beautiful Fiend
📖Leave Me Behind
📖Scarred",True Enemies to Lovers,rec,normative eval,yes,
7573270736282914071,2025-11-16,87.4K,78.0,9363.0,#booktok #enemiestolovers #books #booktokgermany #booklover,The enemies to lovers in HIS pov.,int,,,
7595735901989358878,1-16,823.0,14.0,371.0,HITS EVERY TIME oh how i love an obsessed man #booktok #bookrecs #enemiestolovers #platedprisonerseries #fourthwing,"enemies to lovers book recs
(but he's been obsessed w/her forever)",rec,,,"sulla versione (lo definisce micro-trope): lei pensa siano nemici, lui in realtà è ossessionato da lei"
7473925358308396334,2025-02-21,508.6K,1173.0,163.9K,side note but i LOVE cruel intentions>> #booktok #bookrecs #fantasybooks #enemiestolovers #bookrecommendations #fantasybookrecs #onyxstorm #fourthwing #rebeccayarros #xadenriorson #thecruelprince #judeduarte #cardangreenbriar #jurdan #phantasma #nightshade #acotar #acosf #nestaarcheron #powerlesslaurenroberts #laurenroberts #powerless #kaiazer #paedyngray #igniteme #aaronwarner #shatterme #julietteferrars #warnette #nessian #fantasybooktok #booktoker #bookish #booktokfyp,books with AGGRESSIVE YEARNING.,rec,,yes,
7464313624618700063,2025-01-26,9934.0,417.0,5694.0,The best TRUE Enemies to Lovers book recs! #bookrecs #booktok #bookrecommendations #enemiestolovers #fantasy #enemiestoloverstrope,TRUE Enemies to Lovers book recs,rec,normative eval,,
7428159210665331975,2024-10-21,25.6K,230.0,15.4K,Replying to [CREATOR] Love Journey #book #booktok #books #booktokfyp #bookworm #bookish #booktoker #bookclub #bookrecommendations #bookrecs #romancebooks #read #reading #fyp #foryou #foryoupage #fypシ #kindleunlimitedromance #kindleunlimited #viral #romance,Enemies to Lovers Part 2 [spicy emoji],rec,,,
7589114093408210207,2025-12-29,18.8K,11.0,5877.0,📖 Sweet Venom by Rina Kent #BookTok #darkromancereads #hockeyromance #enemiestoloversrecs #romancebookrecommendations,"When she's starting the develop feelings for her enemy, so she goes on a date with someone else to try & prove a point... but he crashes it
""Then leave me alone! Whether I date or fuck or work or breathe has nothing to do with you.""
I thought he was intense a moment ago, but now his face looks taut, and his hand lands on my shoulder as the strap falls to my arm. ""Did you just say fuck?""
I gulp. His voice sounds so low, it tightens my stomach with that uncomfortable feeling again.
""Answer me. Did you wear makeup and this thing"" He tightens his grip on the strap. to seduce the four-eyed asshole so he'd fuck you?""
""So what if I did? I told you that's none of-""",int,text,,
7583989470555278606,2025-12-15,4444.0,33.0,2044.0,📖loving elise by m.b. smith   #enemiestolovers #kidnappingromance #mafiaromance,"When she betrayed his trust so he sends her to be held in his basement and one of his men come in while she's chained
""No,"" I rasp. ""Joshua wouldn't let you.""
He takes slow steps toward me, tapping the whip against his hand with a vile grin. ""Who do you think sent me?""
With that, he rears his arm back and snaps the whip onto my back. I scream, but the pain is worse than I could've imagined. An agonizing sting ripples through my body, and I'm gasping for air, but it's so much more than that.
Joshua sent him here? To do this?
I don't want to believe it, but why shouldn't I? Joshua has made it abundantly clear that I am a prisoner, and this is what happens to prison-ers.",int,text,,
7362032669372222762,2024-04-26,43.1K,117.0,7492.0,i love reading jealous/possessive dante’s pov☺️🤭 the way he gets so bothered but doesnt want to be upset😂😂 #Booktok #books #romancebooks #anahuang #kingofwrath #romancerecs #bookish #enemiestolovers #enemiestoloverstrope #fyp #fypツ #viral #billionaireromance #fictionalmen #bookboyfriend #enemiestoloversrecs #romancereader #taysreads,"when he was forced into their engagement and loathes her, but his POV exposes how jealous he gets seeing her all happy and smiley with literally anyone else
""Vivian had been talking to Kai for the past seven minutes. Not just talking-she was smiling and laughing like he was an award-winning comedian when I knew for a fact he wasn't that damn funny.
Irritation pierced my chest when she leaned closer to show him her phone. He said something, and she laughed again.
She'd never laughed that much with me, and I was her goddamned fiancé.""",int,txt,,
7147077946790907141,2022-09-25,1506.0,17.0,1013.0,seriously some of the best enemies to lovers books I’ve ever read 🥵 #enemiestolovers #enemiestoloverstrope #enemiestoloversrecs #brutalprince #sophielark #lordsofpain #royalsofforsythu #ruthlessrival #ljshen #godofpain #rinakent #bookrecs #romance #spicybooktok #fyp #foryou #steamybooktok,spicy enemies to lovers books,rec,,,
7445473094094851370,2024-12-07,8195.0,14.0,1895.0,This scene was so funny 😭 #booktok #romancebooks #books #booktoker #bookrecs #rinakent #royaleliteseries #colenash #silverqueens #ruthlessempire #legacyofgods #avanash #godofmalice #darkromancereads #enemiestolovers #forbiddenromance #fyp #fypシ #fypシ゚viral #fypage #booklover #enemiestoloverstrope #bookish #bookishhumor #bookworm,"When his friends find them out together...
""It's not what it seems."" try to keep my calm façade.
Cole holds his paperbacks nonchalantly to his side. ""It is.""
""Cole!"" I glare at him.
""I knew it."" Xan extends his hand to Ronan. ""Hand me my hundred.""
""Wait."" Ronan stares between us. ""Are you f-king? Because that's the only thing I bet on.""
""No!"" I shriek.
""Yes. Every night,"" Cole says in a cool tone.
""F-k me."" Xan shows his dimples. ""Make that two hundred, Ron.""
itch",int,text,,
7590766695132744973,2026-02-01,2604.0,14.0,931.0,"Read in KU ✨

Why you will love it:
- Arranged Marriage
- Billionaire Romance
- Rival Families
- Enemies to lovers
- BANTER
- Groveling

#kuromancereads #arrangedmarriageromance #grumpysunshinebooks #romancebooks #enemiestoloverstroperecs","She went to sleep angry at her arranged husband but wakes up in his arms
""Let's fuck and make up.
His fingers edge to the waistband of my shorts and I grasp his hands just before they make contact. Dar-ing to meet his eyes, I murmur, ""I'm too mad at you.'
""Hate fuck it is, my wife,"" he rasps thickly.
""No fucking of any kind.""
His ecek twitches against myess when I say fuck ing. I become scared and turned on when his grip be-comes impossibly tighter and he looks close to losing control. I only have a second before his flies to grab the back of my neck and yanks me down.
""I'll settle for a kiss,"" he growls
",int,text,,
7562681176683466006,2025-10-18,1474.0,9.0,452.0,"Oh the love i have for this book is actually unmatched (but… lowkey being topped by Diamonds rights now👀🤭) 

📖 - Hearts By Kyra Irene 
 #darkromance #enemiestolovers #romancebookrecs #mafiaromance","He was one of his fathers men before everything changed. But he's willing to spare everyone if she marries him...
""Are you asking me if I hurt your family?""
It didn't seem beyond him. The man was all charm and easy smiles, but that didn't make him any less of a killer.
""Did you?"" I asked, the question escaping me before I could rein it in.
""That depends on your decision. I'm willing to put aside my differences. Marry me to stop the war.""
""Or .?"" I whispered, already knowing the answer. A
""There are no alternatives,"" he said, his eyes nar-rowed. ""Not if you want your family safe.""
- hearts by Kyra Irene",int,text,,
7576434786940587295,2025-11-25,2357.0,15.0,1212.0,"Enemies to lovers is my favorite but make him her brothers enemy and I’m sat
#enemiestolovers #bookrecs #enemiestoloversrecs #enemiestoloversbooks #booktok","she married her brothers ENEMY and now's he's reaching across her to open the glovebox when she FLINCHES...
AND HE LOSES IT
""What is that? Why do you do that?"" he asks as he hands me a napkin from the glovebox.
""Do what?""
""Why did you flinch?""
When I don't immediately answer, he sons the console between us. ""Who hut you? I want a name, Mackenzie.""
""It doesn't matter. He's part of my past. We broke up.""
""An ex hurt you? Is that why you're here?""
Isn't that obvious? I hesitate because I never thought I'd be that girl who said yes.
""Den it, Mackenzie, I'm not mad at you. I furning swear it. I would never lay a finger on you, but I need you to answer the question before I lose my mind.""",int,text,,
7230864289316277531,2023-05-08,28.1K,108.0,16.2K,SPICY true enemies to lovers book recs that give off this vibe ♥️🖤  #booktok #booktoker #darkromance #spicybooks #bookrecs #bookrecommendations #enemiestolovers #romancebooks,spicy enemies to lovers BOOK RECS [spicy emoji],rec,,,
7595608611942878486,1-15,637.0,12.0,361.0,"Some enemies to lovers recommendations with a strong fmc
#darkromance #enemiestolovers #romancebookrecs #darkromancebooks #booktropes",Enemies to lovers recs with strong/sassy FMC's,rec,,,
7526761468063223071,2025-07-14,27.8K,107.0,12.4K,"Bully, enemies to lovers, billionaire, tension, yes please! #booktok #fyp #enemytolovers #youwerenevernotmine #monicamurphy #fypシ #booktoker #book #romance #bookrecs #bookrecommendations #fup  [CREATOR] Murphy","""I want a book that's enemies to lovers where he's the obsessive one.""",rec,,,
7580449513295400206,2025-12-05,4347.0,31.0,1246.0,"- Dark MC Romance 
- MC President x Traitor’s Daughter 
- Hurt/Comfort 
- Sudden Parent 
- Found Family 

#BookTok #darkromance #enemiestolovers #foundfamily #bookrecommendations","When the MC Prez REALLY doesn't care that they aren't alone...
""Take my sock out, wildfire.""
My eyes widen. ""Here?""
Jameson kisses the spot behind my ear. ""Yes. I
need to teach you a little lesson.""
""Is this really the time for it?""
ate
Jameson pulls his hand out from under the blanket, dragging his wet thumb over my lower lip, coating me in the taste of myself. ""You can either continue to question me, and I'll make you kneel at my feet while I fill your mouth with cum. Or you can take my cock out and sit on it under this blanket. Either way, I'll prove to you exactly what I'm thinking about in this moment.""
Steel by Eva Simmons",int,text,,
7578559156047695125,2025-11-30,10.9K,129.0,8254.0,I’m always going to go for the slow burn romance with the best yearning because I’m basic ##romanticfantasy##romantasy##booktok##enemiestolovers##romancebookseenemies to lovers book with the best tension and yearning like fourth wing and Quicksilver,,rec,,,"formula: if you like this, you'll like that"
7598690788838526238,1-23,2480.0,20.0,1158.0,"This book has me in a CHOKEHOLD 🤯📖 
#usdarkfew #booktokfyp #bookrecs #enemiestolovers #enemiestoloversrecs","This is your reminder. There's a book where her enemy pretends to HATE her for two whole books but when he walks into her prison cell, she glares at him and says, ""I've already seen you angry at me."" He smirks and steps closer. ""No, you haven't. You wouldn't dare be in this cell alone with me if you had.""",rec,"text
self promo",,
7598283546108710151,,1606.0,12.0,610.0,"🌻 Scars of You by [CREATOR WORK] - Out Now on Kindle, Paperback & Audible!!

#BookTok 

#smalltownromance 

#enemiestolovers 

#BookRecommendations 

#foundfamilytrope 

Small town romance 
Enemies to lovers 
Found family 
Hurt/comfort
Forced proximity 
[CREATOR WORK]",when her broody neighbor is making her drive while she's *sitting on his lap*...,int,"text
self promo",,
7591145699086044438,,7370.0,41.0,3530.0,"his book finished me 😭💔

📚 The Hidden Falling by 

[CREATOR] Cove 🥀🐲 

#bookrecommendations 

#darkromance 

#bookrecs 

#enemiestolovers 

#fyp 
The Hidden Falling: A Dark Romance Book Review
Discover the emotional journey in The Hidden Falling by Kelly Cove. A gripping dark romance that you'll never forget. #bookrecommendations #darkromance #bookrecs
Keywords: The Hidden Falling book review, dark romance novels, emotional book recommendations, enemies to lovers story, Kelly Cove books, must read dark romance, impactful love stories, gripping romance novels, book recommendations 2023, emotional reading experience",she went through so much I can't,int,"text
emotional",,
7591261962869198093,,720.0,22.0,181.0,"Kane Davenport has a way with words! 
Beautiful Venom by Rina Kent

#enemiestolovers 

#hockeyromance 

#rinakent 

#BookTok 

#bookscenes 

Enemies to Lovers, Dark Romance Books, Boy Obsessed, Morally Grey, Rina Kent Books, Kane Davenport, romance Book Recommendations, Booktok, Possessive MMC , Bloom Books, Dark Hockey Romance","She's witht he hockey player that she "" h a t e s"" and tells him she was faking it but he reminds her what really happened. Book Tropes Hockey Romance Enemies to lovers Boy Obsessed College Romance",int,text,,
7390854849073663262,,15.8k,99.0,6246.0,"actual enemies to lovers book recs!! 

#enemiestolovers 

#booktok 

#enemiestoloverstrope 

#bookish 

#books",REAL.enemies to lovers.,rec,normative eval,,
7532692937214364941,2025-07-30,487.0,19.0,217.0,"Enemies to Lovers doesn’t have to take forever and I’ll stand on that. 

#booktok 

#enemiestolovers 

#enemiestoloverstrope 

#romancebooks 

#creatorsearchinsights 
Quick Reads: Enemies to Lovers Romance Recommendations
Discover engaging enemies to lovers romance books that won’t keep you waiting. Perfect picks for quick escapism! #booktok #enemiestolovers #romancebooks
Keywords: quick enemies to lovers romance books, best enemies to lovers recommendations, popular romance book tropes, engaging installments in romance novels, rivals to lovers book recommendations, unique enemies to lovers stories, fast-paced romance reads, compelling enemies to lovers fiction, romantic book suggestions, favorite booktok romance tropes",ENEMIES TO LOVERS Book Trope,rec,normative eval,,ridiscute la normative eval per cui il vero etl è solo slow burn
7351149918976838955,2024-03-27,8131.0,107.0,1498.0,"Spoiler free Cruel Prince & Folk of the Heir trilogy review! Have you read this series yet? What did you think? 

#cruelprince 

#folkoftheair 

#thecruelprince 

#judeandcardan 

#cardanandjude 

#enimiestolovers",,int,,,review classica
7591122296413146399,2026-03-01,5814.0,9.0,2496.0,"Hateful Games by Simran

Read in KU ✨

Why you will love it:
- Arranged Marriage
- Billionaire Romance
- Rival Families
- Enemies to lovers
- BANTER
- Groveling

#kuromancereads 

#arrangedmarriageromance 

#booksthatmademesob 

#romancebooks 

#enemiestoloversbook","When he threw her out of his house because of a misunderstanding & then the next morning, he receives a call from his bestfriend",int,text,,un commento non condivide il punto di vista
7542229940184419607,2025-08-24,225.7k,1002.0,40.4k,"THE BLUEPRINT ❤️‍🔥 

#BookTok 

#enemiestolovers 

#zodiacacademy 

#toryvega 

#dariusacrux",When I say I want enemies to lovers...this is what I mean [enemies -first kiss-enemies with benefits-enemies struggling with their feelings but slowly falling in love-lovers],int,normative eval,,"il trope è discusso es. ""I love slow burn...but not that slow"" etc.
the name of the book is not written but some people recognized it"
7533140794933398791,2025-07-31,11.9k,75.0,7805.0,"Enemies to lovers will always be a favourite trope ✨📖 

#BookTok 

#bookrecommendations 

#wlw 

#wlwbooks 

#enemiestolovers 

#sapphicbooks 

#lgbtbooks 
Vampire Enemies to Lovers Books
Wlw Книги
Enemy to Lover Books Romance
Lesbian Friends to Enemies to Lovers
Wlw Books Audible
Wlw Book Detailed Pages
Enemies to Lovers Wlw
Livros De Enemies to Lovers
Enemies to Lovers Livros Gay
Enemies to Lovers Shared Bed Wlw",Enemies to lovers but make it sapphic,rec,,,pila di libri che scorrono
7450188249009605910,2024-12-19,6473.0,8.0,1513.0,"Omg 📚Silent vows 

#enemiestolovers 

#Booktok 

#romancebooks 

#bookrecommendations","When his arranged wife always act like she doesn't care about him, but when another girl puts her hand on his shoulder, she immediately gets in between ""When I saw Ivy step forward, I realized what was happening. Noemi was saking her claim. Fuck me if I didn't love the way that felt. I had no clue how she'd known I had a past with ivy, but she couldn't have been more obvious if she'd tattooed her name on my forehead. Not that I would complain. She could have pissed a circle around me, and I would have just laughed""",int,text,,"""when videos"": subtype? trend? other"
7539613831606127894,2025-08-17,136.7k,1729.0,24.3k,"If you read closely you can see the middle part happening👩‍❤️‍💋‍👩

#booktok 

#bookedit 

#wlw 

#enemiestolovers 

#fyp",Enemies-fucking-lovers,int,structure,,
7566740460471880981,2025-10-29,9073.0,286.0,7957.0,"I hear we need more yearning and yearning books with lots of angst happens to be my middle name 

#romancebooks 

#booktok 

#enemiestolovers books like boys of tommen 

#romancebooktok underrated romance books",Yearning and Angst underrated books,rec,,,
7598402449866640670,2026-01-23,768.0,2.0,260.0,"Before they marry me off…

#booktok 

#currentlyreading 

#bookrecommendations 

#romancereader 

#tbr","She is the daughter of your family rival, but she wants one night with her enemy before they marry her off to another man... Burning Skies Lex Martin Small Town Enemies to Lovers Suspense Standalone Series/KU",int,text,,"""this is just liquified 50 shardes of grey"" gran commento"
7481793902907837738,2025-03-14,3822.0,21.0,1907.0,"I hope this doesn’t find you by Ann Liang 
Not here to be like by Michelle Quach

#bookrecommendations 

#bookreview 

#bookworm 

#booklover 

#enemiestolovers 

#academicrivals 

#enemiestoloversbooks 

#enemiestoloverstrope",Enemies to lovers/academic rivals trope in one book >>>>,rec,,,
7235959996473756935,2023-05-22,35.6k,385.0,16.3k,"Replying to 

[CREATOR] books with enemies to lovers 📚🔥🌶️⭐️❤️ 

#enemiestolovers 

#enemiestoloverstrope 

#darkromance 

#darkromancebooks 

#romance 

#romancebooks 

#romancebooktok 

#booktok 

#booktokbrasil 

#booktoker 

#bookish 

#bookishthoughts 

#bookishhumor 

#bookrecommendations 

#bookrecs 

#bookrecs 

#bookreview 

#book 

#books 

#bookstan 

#bookshelf 

#book 

#fyp 

#foryou 

#foryoupage 

#fypシ 
Quick Read Enemies to Lovers Books
Dark Enemies to Lovers Books
Enemies to Lovers Book Scenes Page
Enemies to Lovers Books
Mm Enemies to Lovers Book
Books Like Still Beating
Enemies to Lovers Kitap Önerileri
Fae Enemies to Lovers Books
Enemy to Lovers Books Deutsch
Enemies Neighbors to Lovers Books",Please do ENEMIES to LOVERS!,rec,,,"interessante parla dei trope dentro i libri come lista --> prescrittivo. la trama è ridotta al minimo, + spazio ai trope"
7254023629309103402,2023-07-10,320k,963.0,156.7k,"#fyppppppppppppppppppppppp 

#foryou 

#movies

#enemiestolovers

#foryoupage 

#booktok",Who was gonna tell me that this movie existed?,rec,,,"è un film, ma è uscito con la query etl+booktok"
7593182180671573278,2026-09-01,155.0,2.0,45.0,"Dark Small Town Romance
- Enemies to Lovers
- Forced Proximity 

#booktok 

#darkromance 

#smalltownromance 

#cowboyromance 

#bookrecommendations",When she finds out exactly what helps the cowboy fll asleep at night and he's embarassed until...,rec,"text
self promo",,
7534033325296487687,2025-08-02,201.0,12.0,65.0,the ‘don’t touch my wife’ trope EATS everytime 🤌🏻🫠,don't touch my wife trope >>> enchantra by kaylie smith,rec,text,,>>> altro trend?
7598928695709060374,2026-01-24,11.1K,363.0,944.0,"I love him, but I don't think he has the right to forbid Azriel. I need to know what BookTok thinks about that.. Protective... or controlling?
#azriel
#acotar
#sarahjmaas
#booktok
#rhysand","Rhys growled: ""Allow me to make one thing VERY CLEAR. You are to STAY AWAY from her.""
Azriel: ""You CAN'T order me to do that.""
Did this line change how you see Rhys? And did the bonus chapter make it worse?",int,text,,
7593044100966845718,2026-01-08,31.9K,212.0,17.7K,"The yearning, the forbidden romance, the morally grey/golden retriever MMC I can't with this book 
#bookrecs 
#slowburnfantasy 
#epicfantasy 
#darkromance 
#romantasyreads","Must read... 
Enemies to lovers
Yearning
Touch her & d!e
Forbidden love
Mythical creatures
You came x You called
Her people told her he was the enemy...
Oh, how wrong they were...
THE STARCROSSED SAGA BOOK1
In Between Darkness
MJ CASTLETON",rec,,,
7580227075571862839,2025-12-05,134.1K,842.0,20.4K,"it's giving enemies dancing together at a ball #reader
#romantasy
#enemiestolovers
#booktropes
#shadowsbetweenus",need an enemies to lovers fantasy book that feels like this song,int,,,"chiede rec, ma interpreta la canzone"
7589002626847624470,2025-12-28,68.7k,229.0,12.7k,Give me moreee #arrangedmarriage #mafiaromance #booktok #fyp #bookish,"When I come across an enemies to lovers, arranged marriage, mafia romance book I HAVEN'T read !",int,POV,,
7582731272217201951,2025-12-11,201.3k,2189.0,57.2k,"It’s been days and I’m still crying 😭
📖: Wrecked by Bree L Mina … Bring your tissues bc this book will emotionally destroy you 💔 

[CREATOR] L. Mina 📚  

#tragiclovestory 

#sadbooks 

#booksthatwilldestroyyou 

#emotionalbooks 

#creatorsearchinsights","""I want to read a book that's going to emotionally destroy me""",rec,emotional,,
7600461118896688406,2026-01-29,86.0,4.0,19.0,"questo fantasy ha TUTTA la mia attenzione🤭✨

#booktok 

#booktokitalia 

#romantasy 

#enemiestoloversrec 

#fantasyromance","enemies to lovers
quando è un nuovo fantasy romance",rec,IT,,
7598952547591736598,2026-01-25,6691.0,35.0,756.0,"Slow burn >> 

#BookTok 

#enemiestolovers 

#bookrecs 

#romantasy 

#booktokf",Enemies-enemies flirting-betrayal-enemies in love-lovers,int,structure,,
7583947204004564255,2025-12-15,4493.0,16.0,1694.0,"the shard and the serpent 

#kindleunlimited 

#bookrecommendations 

#enemiestolovers 

#bookcommunity 

#romance","Enemies to lovers? WORSE. Fated mates who cut their bond for ultimate revenge but now people are dead and the narrator said ""I'VE LIED TO YOU""",rec,self promo,,
7590044648119323926,2025-12-31,45.5k,243.0,8506.0,"#BookTok 

#bookrecommendations 

#enemiestolovers 

#romancebooks 

#booktokfyp","When she's mute and hasn't said a word since she was 11, but when her enemy gets shot she screams his name",int,,,
7590505031883836675,2026-01-01,746.9k,1615.0,83.9k,Enemies to lovers from her POV // enemies to lovers from his POV,"COME HERE RIGHT NOWWWWW 

#enemiestolovers 

#BookTok 

#fyp ",int,,,nei commenti discussione sul pov
7597476878865288478,1-20-26,60.9k,121.0,20.2k,"And what if she starts sweating and takes her jacket off… WHAT THEN! 

#booktokrecs 

#fictionalcharacters 

#enemiestolovers 

#begthenight 

#bookgirlies","WHAT IF the enemies are being drugged so they'll *mate*...and she thinks he isn't affected by the drug in the air...but he's lowkey fighting for his life and gripping the cell bars until his knuckles turn white ""Stay over there and we'll be fine.""",rec,self promo,,
7584900728381050126,2025-12-17,119.1k,144.0,3608.0,"📖 The Silver Flame now available on Kindle Unlimited!  

#bookhumor 

#kindleunlimitedfantasy 

#enemiestolovers 

#lovetriangle 

#romantasyseries",Everyone told me I read so much I should just write my own book,rec,self promo,,
7599032985714691330,1-24-26,197.1k,530.0,18k,Gets. Me. Barking.,My reaction when asked: Enemies to Lovers or Fake Dating? ...,int,,,
7583454153070923040,2025-12-13,31k,302.0,5011.0,"✨I like BIG books✨and I cannot lie 😬

QOTD: What are you reading this weekend?

I have a couple of books I hope to finish this weekend (hopefully I’ll find some time to sneak some reading in!)

#bookhumor 

#bookgirls 

#bookaddicted","""Look at her BOOK""",int,,,
7587128715935517972,2025-12-13,6436.0,62.0,5225.0,"All the fantasy romance book recs 👋👋👋👋 

#fantasyromance 

#romantasy 

#booktok 

#enemiestolovers 

#fourthwing romantasybooks fantasy romance enemies to lover",If you like...read these books,rec,,,"formula: if you like this, read that"
7592218176948145430,2026-06-01,61.3k,130.0,15.4k,"#BookTok 

#bookrecommendations 

#enemiestolovers 

#romancebooks 

#booktokfyp",She pretends to lose her memories so her enemy wouldn't kill her // her enemy lying to her and telling her he's her fiance,int,emotional,,
7602376069768875286,2026-02-03,973k,1901.0,120.6k,Absolute. Cinema. #fyp #BookTok #enemiestolovers,How most like enemies to lovers: // how I like enemies to lovers,int,structure,,discussione struttura etl: sempre sullo yearning che deve durare
7588689331104304415,2025-12-26,30.7k,181.0,3277.0,"zodiac academy core 

#fyp 

#booktok 

#booktokfyp 

#enemiestolovers 

#booktropes",I'm so hungry i could eat a 5+ book series of REAL enemies to lovers where they don't actually become lovers until book 3,int,strucure,,
7602735387173358868,2026-02-04,9004.0,178.0,239.0,I would have swan dived in the pot of soup. #acotar #acotar 6 acotar 6 release #romantasy #enemiestolovers Rhysand and Feyre #acomaf,,int,,,book review
7597281047943908639,1-20-26,51.4k,108.0,18.7k,WDYM YOURE OVER THIS TROPE?? WDYMMMM? (Wings so wicked by [CREATOR WORK]) #enemiestolovers #fictionalcharacters #booktokrecs #bookishthoughts,"BUT WDYM she was hurt and betrayed and had NO ONE so she CRAWLEDDD to her enemy's door faints on the way, and when she wakes, she can hear him mumbling ""don't fucking die"" over and over again FREAKING OUT holding her",rec,self promo,,
7598282019826568470,1-22-26,769.9k,1571.0,65k,"Day 7 of my TikTok-versary 🤍 A year on this app and somehow I’m still here(?), albeit emotionally attached to fictional men and making videos about books like it’s my full-time job…. Regardless thank you for the love, the chaos, and the comments that feel like found family, this corner of the internet is truly my Velaris. The love i recieve at times really feels like a dragon bond I absolutely did not earn and stuck around even when I disappeared into reading slumps which i cannot thank yall enough for. So from page one to now, this journey has been incredible. I love you all more than Feyre loves painting and Violet loves almost dying - Ali 💚",,int,,,reaction
7601086957460016402,2026-02-01,80.7k,284.0,56.4k,"yeah this book is blowing up, and for good reason. No notes. All the stars. The emotional complexity of this book had me in a chokehold 

[CREATOR] M. WOLFE this was everything!!!!! True enemies to lovers, a dystopian world that has you hooked, and the FEMININE RAGE!!!!!! I cannot WAIT for Python!!! 🤌🏼🤌🏼 

#bookrecs 

#darkromancerecs 

#daggermouth 

#booktok 

#enemiestoloversrecs","I just finished my first 6 star read of 2026. This song is every single main character, every single FEMALE in this book. I have no words. H.M. Wolfe, you did that.",int,,,book review
7600850533158702339,2026-01-31,15.2k,152.0,10.4k,"The best trope ever? Possibly 😮‍💨 

#foryoupageofficial 

#booktok 

#bookrecommendations 

#enemiestolovers 

#romantasy",Enemies to lovers,rec,,,
7597543391169105172,1-20-26,12.1k,180.0,10.1k,"Let me know if you would like a part 2! We have lots more book recs to go 👀👀

#fantasyromance 

#spicybooks 

#enemiestolovers 

#romantasy 

#booktok",Fantasy romance books with good plot,rec,,,
7602847662748011789,2026-02-04,291.0,13.0,230.0,"#arrangedmarriage 

#booksthatmademecry 

#romantasybooks 

#enemiestolovers 

#emotionalromancereads","She is forced to marry the wealthiest man in the city, but at the altar, he says, ""I despise this arrangement no less than you.""
....",int,text,,
7594513590099545346,2025-12-01,37k,112.0,16.2k,"And it’s a FINISHED SERIES?!? Compelling Fates Saga by Sophia St. Germain 

#bookrecommendations 

#kindleunlimited","When they enemied HARD in book one but in book two they're captured together and HE CRAWLS to her, injured and dragging the chains he's bound in, when she panics because he is the only thing that will snap her out of it",int,,,
7601906734663322900,2026-02-02,97.1k,443.0,4604.0,"i need it to feel like a reward if they get together immediately it’s not fun anymore 

#enemiestolovers 

#booktropes 

#booktok 

#bookish 

#yearning",How normal people like enemies to lovers//how i like enemies to lovers,int,structure,,
7586451259150830903,2025-12-22,25.6k,267.0,22.8k,"5 books so addicting I finished them in under 24 hours or less! 

#booktok 

#romancebooks 

#bookrecommendations 

#popularbooks 

#fyp",5 books so addicting I finished them in under 24 hours,rec,normative eval,,
7600250281099595038,2026-01-28,716.0,2.0,49.0,"need to see them in concert again like NOW 

#chaseatlantic 

#enemiestolovers 

#romance 

#wattpad 

#booktropes",chase atlantic is for the girlies who love enemies to lovers with lots of tension and angst,int,,,
7581929051925892383,2025-12-09,40.9k,1304.0,37.3k,"I’m telling you THESE are the romantasy books of 2025 we should be feral over.  Adjust your TBR immediately.  

#romantasy 

#popularbooks 

#underhypedbooks 

#bookrecs 

#darkfantasy the ascended by Lennox and grenwich, the compelling fates saga",,rec,normative eval,,"formula: ""true enemies to lovers"""
7594941425360342293,1-13-26,5888.0,118.0,4944.0,"Plot 🤝🌶️🌶️

#spicybooks 

#fantasyromance 

#enemiestolovers 

#romantasybooks 

#booktok enemies to lovers books with yearning romance books best books to read in 2026",Wildly spicy with page turning plot,rec,normative eval,,
7592458599721454866,2026-07-01,8799.0,121.0,1317.0,"Sold… I need more books with this trope 😭 

#booktok 

#enemiestolovers 

#rivalstolovers 

#booklover 

#romantasy",They literally want to kill each other...,int,,,
7602790142222273805,2026-02-04,2796.0,48.0,820.0,the way i talked about woven kingdom the longest…. it’s just that girl #booktok #bookrecs #romantasybooks #yearning #romantasybookrecs,Yearning romantasy book recs,rec,,,
7602776870811127054,2026-02-04,3772.0,36.0,93.0,"How can one be so lucky 🗡️🩸

#booktok 

#romantasy 

#fantasybooks 

#bookish 

#fyp","""are you okay?"" well...I'm not at a ball dancing with my enemy with a dagger strapped to my thigh under my dress...so no.",int,,,
7603072127142530317,2026-02-05,62.0,0.0,25.0,"The Secrets of Jane by [CREATOR WORK]

#kindleunlimitedromance 

#romantasy 

#spicybooktok 

#enemiestolovers 

#morallygrey","When the book starts with ""bastard broke my knuckles"" because the FMC punched someone",rec,self promo,,
7596624154753813780,1-18-26,326.0,31.0,126.0,"If you love emotional damage, here are some phenomenal enemies to lovers book recs! ❤️‍🩹⚔️✨📖 

#booktok 

#romantasy 

#fantasybooktok 

#enemiestolovers 

#bookrecommendations",,rec,,,
7588233000614202655,2025-12-26,22.6K,569.0,16K,The official TOP 10 BEST Romantasy books of 2025.  Am I right or am I right? #ranking #2025books #romantasy #fantasybooktok #bestbooks,"RANKING
THE TOP 10 BEST ROMANTASY BOOKS OF 2025",rec,normative eval,,
7588228312334486839,2025-12-26,"14.6K
",165.0,9934.0,Part two will have my dark romance book recommendations so get ready 😈👏 #romancebooks #popularbooks #booktok #bookrecommendations #fyp,500+ books later... & these 10 fantasy romances come in at the TOP,rec,normative eval,,
7603476589979962637,2026-02-05,113.0,2.0,54.0,"Two book recs for the Fourth Wing lovers ❤️‍🔥

A Requiem for Fallen Stars by Hazel S. Wilkes
Riftborne by Greenwich & Lennox

#romantasybookrecs #kindleunlimitedbookrecs #fourthwing ##enemiestoloversbooks##romantasyreads",if you love Fourth Wing for the setting TWO BOOK RECS,rec,,,"formula: if you like this, you'll like that"
7603142391620455694,2026-02-05,1273.0,67.0,699.0,"[a d] pretty underhyped fantasy and romantasy books that we really need start screaming about more. Mostly completed series and standalone fantasy books? SAY LESS #fantasybooks #romantasy #BookTok #bookrecs #fantasyromance 

📚Rose in Chains - Julie Soto

📚 The Freckled Fate Saga (COMPLETED and on KU) - Tetyana Walker 

📚The lies of Lena- Kylie Snow 

📚The Never List- Jade Presley 

📚The poison Daughter- Sheila Masterson 

📚Sacred Stones Trilogy (completed) -Kate Golden

Romantasy • fantasy books • book recs • fantasy romance • dark fantasy",Underhyped fantasy books,rec,normative eval,,fromula: it's a real enemies to lovers
7603423311158086935,2026-02-05,1094.0,41.0,62.0,3 books i did DNF and 3 i should’ve 🫣 #bookseries #fantasybooks #dnf #popularbooks,3 books i did DNF and 3 i should’ve DNF'd,int,,,review; usa il trope per criticare il libro perché non era abbastanza etl
7582293518601751838,2025-12-10,"17.4K

",662.0,1365.0,Where are you? 🧐 read my book [CREATOR WORK] #romantasy #fantasyromance #romantasyreaders #romantasybooktok #enemiestolovers,Dear Algorithm: send me romantasy readers who would rather watch a 35 YEAR OLD woman handle herself against a man her own age than another 19 year old forced to marry a 1000 year old fairy.,int,,,
7601262725485874454,1set. fa,"13.3K
",48.0,3762.0,These two are so sassy #rafevisconti #penelopeprice #sinnerscondemned #darkromance #Booktok,TRUE ENEMIES TO LOVERS,int,text,,
7602002969843830071,5g fa,1341.0,63.0,729.0,January FANTASY ROMANCE reading wrap up. So many bangers this month. #booktok #bookrecs #fantasybooks #romantasy #fantasyromance,January reading wrap up,int,"normative eval
wrap up",,monthly wrap up
7581198238456335629,2025-12-07,"15.6K

",150.0,12.8K,"Romantasy books with the BEST banter! 🙏🏻 because we all know the banter in the romance book is KEY 

#romantasy #enemiestolovers #romantasybooks #romantasybookrecs","ROMANTASY WITH GOD TIER BANTER
chemistry + yearning",rec,normative eval,,
7593207367810993422,2026-09-01,462.0,68.0,347.0,"These are some of my favsssss 

#enemiestoloversbooks #romantasybooktok #romantasybookrecs #darkromancerecs #booktokbooks",ENEMIES TO LOVERS? SAY LESS.,rec,,,
7603882517770390815,2026-02-06,225.0,1.0,39.0,Yes I declare this its own genre (📚: wings so wicked) #enemiestoloversromance #booktokrecs #bookscenarios #forcedproximitybookrecs #bookgirlies,"""What's your favorite genre?""-
when the enemies now share emotions and they're huddled together for warmth...
""Stop that,"" he growls.
""Stop what?""
""Thinking those things...""",int,text,,
7580435644325973303,2025-12-05,"18.4K
",111.0,12.5K,"If you ignore all your responsibilities you can get an awful lot of reading done 😌 #booktok #romancebooks #bookrecommendations #fyp #popularbooks 
5 Addictive Romance Books to Read Non-",5 romance books so ADDICTIVE that I didn't move for 24 hours,rec,,,
7603812609317457172,2026-02-06,86.0,9.0,18.0,"Have you read these books yet? 

#daggermouth #romantasy #booktok #romanticfantasy #acotar",Books you shouldn't sleep on,rec,normative eval,,
7601621841060449556,1set. fa,8047.0,199.0,3937.0,Just my correct opinions on fantasy romance books 🤣#booktok #fantasyromance #romantasy #fantasybooks #enemiestolovers the ascended book daggermouth book enemies to lovers fantasy books must read,Overhyped or underhyped?,rec,,,
